symbol,company_name,sector,board,delisted,delisting_date,listing_date,isin,market_cap,shares_outstanding,par_value,base_ticker,share_type,yahoo_ticker
ABAN.N0000,ABANS ELECTRICALS PLC,Unknown,Main,False,,01/JAN/1984,LK0001N00004,6155669520.0,5110560.0,1.0,ABAN,Voting,ABAN.CM
AFSL.N0000,ABANS FINANCE PLC,Financials,Main,False,,27/JUN/2011,LK0388N00005,7332470514.5,73693171.0,1.0,AFSL,Voting,AFSL.CM
AEL.N0000,ACCESS ENGINEERING PLC,Industrials,Main,False,,27/MAR/2012,LK0409N00009,79900000000.0,1000000000.0,1.0,AEL,Voting,AEL.CM
ACL.N0000,ACL CABLES PLC,Materials,Main,False,,01/JAN/1976,LK0011N00003,74028588480.0,718724160.0,1.0,ACL,Voting,ACL.CM
APLA.N0000,ACL PLASTICS PLC,Unknown,Main,False,,05/APR/1995,LK0238N00002,6929562500.0,42125000.0,1.0,APLA,Voting,APLA.CM
ACME.N0000,ACME PRINTING & PACKAGING PLC,Industrials,Main,False,,01/JAN/1956,LK0002N00002,883500000.0,95000000.0,1.0,ACME,Voting,ACME.CM
AGAL.N0000,AGALAWATTE  PLANTATIONS  PLC,Consumer Staples,Main,False,,22/JAN/1996,LK0248N00001,9093750000.0,156250000.0,1.0,AGAL,Voting,AGAL.CM
AGST.N0000,AGSTAR PLC,Unknown,Main,False,,16/FEB/2012,LK0408N00001,5166442008.0,461289465.0,1.0,AGST,Voting,AGST.CM
AGST.X0000,AGSTAR PLC,Unknown,Main,False,,16/FEB/2012,LK0408X00000,306663259.5,26210535.0,1.0,AGST,Non-Voting,AGST.CM
AHUN.N0000,AITKEN SPENCE HOTEL HOLDINGS PLC,Consumer Discretionary,Main,False,,01/JAN/1980,LK0003N00000,38000771130.0,336290010.0,1.0,AHUN,Voting,AHUN.CM
SPEN.N0000,AITKEN SPENCE PLC,Unknown,Main,False,,01/JAN/1983,LK0004N00008,64350373132.5,405996045.0,1.0,SPEN,Voting,SPEN.CM
ALLI.N0000,ALLIANCE FINANCE COMPANY PLC,Financials,Main,False,,01/JAN/1959,LK0005N00005,12096864000.0,33696000.0,1.0,ALLI,Voting,ALLI.CM
AFS.N0000,ALPHA FIRE SERVICES PLC,Unknown,Main,False,,,LK0486N00007,1525590000.0,37950000.0,1.0,AFS,Voting,AFS.CM
ALUM.N0000,ALUMEX PLC,Unknown,Main,False,,31/MAR/2014,LK0427N00001,11134065648.0,598605680.0,1.0,ALUM,Voting,ALUM.CM
ABL.N0000,AMANA BANK PLC,Financials,Main,False,,29/JAN/2014,LK0424N00008,16536684180.0,551222806.0,1.0,ABL,Voting,ABL.CM
ATL.N0000,AMANA TAKAFUL PLC,Unknown,Main,False,,27/NOV/2006,LK0354N00007,5895078328.3,246655997.0,1.0,ATL,Voting,ATL.CM
ATLL.N0000,AMANA TAKAFUL LIFE PLC,Unknown,Main,False,,18/AUG/2016,LK0448N00007,1745000000.0,50000000.0,1.0,ATLL,Voting,ATLL.CM
TAP.N0000,AMBEON CAPITAL PLC,Financials,Main,False,,17/MAY/2012,LK0411N00005,39462820511.8,1022352863.0,1.0,TAP,Voting,TAP.CM
GREG.N0000,AMBEON HOLDINGS PLC,Financials,Main,False,,01/JAN/1970,LK0168N00001,54690276314.5,356869666.0,1.0,GREG,Voting,GREG.CM
AMCL.N0000,AMW CAPITAL LEASING AND FINANCE PLC,Financials,Main,False,,08/JUN/2011,LK0384N00004,448000000.0,20000000.0,1.0,AMCL,Voting,AMCL.CM
ALHP.N0000,ANILANA HOTELS AND PROPERTIES PLC,Real Estate,Main,False,,17/JUL/2013,LK0422N00002,,1281320814.0,1.0,ALHP,Voting,ALHP.CM
AINS.N0000,ARPICO INSURANCE PLC,Unknown,Main,False,,16/JAN/2015,LK0434N00007,2437278977.6,66230407.0,1.0,AINS,Voting,AINS.CM
AAF.N0000,ASIA ASSET FINANCE PLC,Financials,Main,False,,12/JAN/2012,LK0406N00005,7352375553.6,124195533.0,1.0,AAF,Voting,AAF.CM
ACAP.N0000,ASIA CAPITAL PLC,Financials,Main,False,,22/SEP/1994,LK0224N00002,,131329995.0,1.0,ACAP,Voting,ACAP.CM
ASIY.N0000,ASIA SIYAKA COMMODITIES LIMITED,Unknown,Main,False,,12/SEP/2012,LK0419N00008,4680000000.0,260000000.0,1.0,ASIY,Voting,ASIY.CM
AHPL.N0000,ASIAN HOTELS AND PROPERTIES PLC,Real Estate,Main,False,,30/JAN/2004,LK0341N00004,25238192100.0,442775300.0,1.0,AHPL,Voting,AHPL.CM
AMSL.N0000,ASIRI SURGICAL HOSPITAL PLC,Health Care,Main,False,,12/NOV/2004,LK0344N00008,7979708929.5,528457545.0,1.0,AMSL,Voting,AMSL.CM
ASIR.N0000,ASIRI HOSPITAL HOLDINGS PLC,Health Care,Main,False,,01/JUN/1986,LK0010N00005,38107375466.0,1137533596.0,1.0,ASIR,Voting,ASIR.CM
AMF.N0000,ASSOCIATED MOTOR FINANCE COMPANY PLC,Industrials,Main,False,,23/JUN/2011,LK0387N00007,7139617884.0,113327268.0,1.0,AMF,Voting,AMF.CM
AGPL.N0000,Agarapatana Plantations PLC,Consumer Staples,Main,False,,04/SEP/2023,LK0490N00009,8800000000.0,500000000.0,1.0,AGPL,Voting,AGPL.CM
BPPL.N0000,B P P L HOLDINGS PLC,Financials,Main,False,,04/APR/2017,LK0451N00001,5553864761.7,306843357.0,1.0,BPPL,Voting,BPPL.CM
BFL.N0000,BAIRAHA FARMS PLC,Unknown,Main,False,,05/DEC/1994,LK0229N00001,7506400000.0,88000000.0,1.0,BFL,Voting,BFL.CM
BALA.N0000,BALANGODA  PLANTATIONS  PLC,Consumer Staples,Main,False,,03/JUN/1998,LK0286N00001,3195636277.6,47272726.0,1.0,BALA,Voting,BALA.CM
BRR.N0000,BANSEI ROYAL RESORTS HIKKADUWA PLC,Consumer Discretionary,Main,False,,27/MAR/2014,LK0426N00003,1208880000.0,53728000.0,1.0,BRR,Voting,BRR.CM
BERU.N0000,BERUWALA RESORTS PLC,Consumer Discretionary,Main,False,,04/JUL/2012,LK0416N00004,2451905032.5,700544295.0,1.0,BERU,Voting,BERU.CM
BLI.N0000,BIMPUTH LANKA INVESTMENTS PLC,Financials,Main,False,,13/JUN/2011,LK0383N00006,,107733344.0,1.0,BLI,Voting,BLI.CM
BLUE.X0000,BLUE DIAMONDS JEWELLERY WORLDWIDE PLC,Unknown,Main,False,,31/MAR/1992,LK0193X00008,,225976714.0,1.0,BLUE,Non-Voting,BLUE.CM
BLUE.N0000,BLUE DIAMONDS JEWELLERY WORLDWIDE PLC,Unknown,Main,False,,31/MAR/1992,LK0193N00009,,699524300.0,1.0,BLUE,Voting,BLUE.CM
BOGA.N0000,BOGALA GRAPHITE LANKA PLC,Unknown,Main,False,,08/MAY/1992,LK0194N00007,14478834312.0,94632904.0,1.0,BOGA,Voting,BOGA.CM
BOPL.N0000,BOGAWANTALAWA TEA ESTATES PLC,Consumer Staples,Main,False,,08/DEC/1995,LK0243N00002,6071875000.0,83750000.0,1.0,BOPL,Voting,BOPL.CM
BRWN.N0000,BROWN & COMPANY PLC,Unknown,Main,False,,25/APR/1991,LK0018N00008,38219343750.0,212625000.0,1.0,BRWN,Voting,BRWN.CM
BBH.N0000,BROWNS BEACH HOTELS PLC,Consumer Discretionary,Main,False,,22/FEB/1993,LK0204N00004,,129600000.0,1.0,BBH,Voting,BBH.CM
BIL.N0000,BROWNS INVESTMENTS PLC,Financials,Main,False,,26/JUL/2011,LK0390N00001,93403163490.0,14369717460.0,1.0,BIL,Voting,BIL.CM
BUKI.N0000,BUKIT DARAH PLC,Unknown,Main,False,,01/JAN/1970,LK0019N00006,91417500000.0,102000000.0,1.0,BUKI,Voting,BUKI.CM
COLO.N0000,C M HOLDINGS PLC,Financials,Main,False,,01/JAN/1970,LK0052N00007,8816000000.0,152000000.0,1.0,COLO,Voting,COLO.CM
CTHR.N0000,C T HOLDINGS PLC,Financials,Main,False,,01/JAN/1928,LK0041N00000,128900465920.0,201406978.0,1.0,CTHR,Voting,CTHR.CM
CTLD.N0000,C T LAND DEVELOPMENT PLC,Real Estate,Main,False,,22/MAR/1988,LK0175N00006,3396250000.0,81250000.0,1.0,CTLD,Voting,CTLD.CM
CWM.N0000,C. W. MACKIE PLC,Unknown,Main,False,,09/JAN/1995,LK0232N00005,7575591038.0,179942780.0,1.0,CWM,Voting,CWM.CM
CSLK.N0000,CABLE SOLUTIONS PLC,Materials,Main,False,,14/AUG/2024,LK0494N00001,6589332400.0,470666600.0,1.0,CSLK,Voting,CSLK.CM
CALH.N0000,CAPITAL ALLIANCE HOLDINGS PLC,Financials,Main,False,,30/MAY/2025,LK0504N00007,35432043799.5,2072049345.0,1.0,CALH,Voting,CALH.CM
CALT.N0000,CAPITAL ALLIANCE PLC,Financials,Main,False,,15/DEC/2021,LK0477N00006,17393264275.2,329417884.0,1.0,CALT,Voting,CALT.CM
CARG.N0000,CARGILLS (CEYLON) PLC,Unknown,Main,False,,01/JAN/1946,LK0020N00004,191196876402.0,257677731.0,1.0,CARG,Voting,CARG.CM
CBNK.N0000,CARGILLS BANK PLC,Financials,Main,False,,09/JAN/2024,LK0491N00007,8983607151.0,945642858.0,1.0,CBNK,Voting,CBNK.CM
CABO.N0000,CARGO BOAT DEVELOPMENT COMPANY PLC,Real Estate,Main,False,,01/JAN/1981,LK0021N00002,3967038900.0,18031995.0,1.0,CABO,Voting,CABO.CM
CARS.N0000,CARSON CUMBERBATCH PLC,Unknown,Main,False,,01/JAN/1967,LK0022N00000,123036401621.0,196386914.0,1.0,CARS,Voting,CARS.CM
CFIN.N0000,CENTRAL FINANCE COMPANY PLC,Financials,Main,False,,01/JAN/1969,LK0023N00008,59964739352.5,227354462.0,1.0,CFIN,Voting,CFIN.CM
CIND.N0000,CENTRAL INDUSTRIES PLC,Unknown,Main,False,,14/AUG/1990,LK0185N00005,6284701381.75,24195193.0,1.0,CIND,Voting,CIND.CM
CINS.X0000,CEYLINCO HOLDINGS PLC,Financials,Main,False,,21/APR/1988,LK0176X00003,11353629600.0,6414480.0,1.0,CINS,Non-Voting,CINS.CM
CINS.N0000,CEYLINCO HOLDINGS PLC,Financials,Main,False,,21/APR/1988,LK0176N00004,64005000000.0,20000000.0,1.0,CINS,Voting,CINS.CM
BREW.N0000,CEYLON BEVERAGE HOLDINGS PLC,Consumer Staples,Main,False,,01/JAN/1970,LK0026N00001,55177688610.0,20988090.0,1.0,BREW,Voting,BREW.CM
CCS.N0000,CEYLON COLD STORES PLC,Unknown,Main,False,,01/JAN/1970,LK0027N00009,106682400000.0,950400000.0,1.0,CCS,Voting,CCS.CM
GRAN.N0000,CEYLON GRAIN ELEVATORS PLC,Unknown,Main,False,,01/JAN/1984,LK0029N00005,27600000000.0,60000000.0,1.0,GRAN,Voting,GRAN.CM
GUAR.N0000,CEYLON GUARDIAN INVESTMENT TRUST PLC,Financials,Main,False,,01/JAN/1951,LK0030N00003,21455541588.0,80057991.0,1.0,GUAR,Voting,GUAR.CM
CHL.X0000,CEYLON HOSPITALS PLC,Health Care,Main,False,,14/NOV/2003,LK0338X00009,,10133765.0,1.0,CHL,Non-Voting,CHL.CM
CHL.N0000,CEYLON HOSPITALS PLC,Health Care,Main,False,,14/NOV/2003,LK0338N00000,,31762723.0,1.0,CHL,Voting,CHL.CM
CHOT.N0000,CEYLON HOTELS CORPORATION PLC,Consumer Discretionary,Main,False,,01/JAN/1967,LK0032N00009,7507290281.4,180030942.0,1.0,CHOT,Voting,CHOT.CM
CINV.N0000,CEYLON INVESTMENT PLC,Financials,Main,False,,01/JAN/1949,LK0033N00007,11785590088.75,97200743.0,1.0,CINV,Voting,CINV.CM
KZOO.N0000,CEYLON LAND & EQUITY PLC,Real Estate,Main,False,,01/JAN/1958,LK0094N00009,7339172971.3,307078367.0,1.0,KZOO,Voting,KZOO.CM
CTBL.N0000,CEYLON TEA BROKERS PLC,Consumer Staples,Main,False,,16/MAR/2010,LK0362N00000,2644800000.0,182400000.0,1.0,CTBL,Voting,CTBL.CM
CTC.N0000,CEYLON TOBACCO COMPANY PLC,Unknown,Main,False,,01/JAN/1955,LK0042N00008,332640150838.25,187323751.0,1.0,CTC,Voting,CTC.CM
CHMX.N0000,CHEMANEX PLC,Unknown,Main,False,,01/JAN/1974,LK0044N00004,2863004569.25,16152353.0,1.0,CHMX,Voting,CHMX.CM
LLUB.N0000,CHEVRON LUBRICANTS  LANKA  PLC,Unknown,Main,False,,14/OCT/1996,LK0290N00003,48960000000.0,240000000.0,1.0,LLUB,Voting,LLUB.CM
CWL.N0000,CHRISSWORLD PLC,Unknown,Main,False,,18/MAY/2021,LK0463N00006,663000000.0,30000000.0,1.0,CWL,Voting,CWL.CM
CIC.N0000,C I C HOLDINGS PLC,Financials,Main,False,,11/OCT/1964,LK0045N00001,49280400000.0,1458000000.0,1.0,CIC,Voting,CIC.CM
CIC.X0000,C I C HOLDINGS PLC,Financials,Main,False,,11/OCT/1964,LK0045X00000,12203460000.0,437400000.0,1.0,CIC,Non-Voting,CIC.CM
CDB.X0000,CITIZENS DEVELOPMENT BUSINESS FINANCE PLC,Real Estate,Main,False,,06/OCT/2010,LK0368X00006,3284114590.0,10343668.0,1.0,CDB,Non-Voting,CDB.CM
CDB.N0000,CITIZENS DEVELOPMENT BUSINESS FINANCE PLC,Real Estate,Main,False,,06/OCT/2010,LK0368N00007,25286275872.0,61374456.0,1.0,CDB,Voting,CDB.CM
REEF.N0000,CITRUS LEISURE PLC,Consumer Discretionary,Main,False,,01/JAN/1984,LK0083N00002,2711455643.4,645584677.0,1.0,REEF,Voting,REEF.CM
CHOU.N0000,CITY HOUSING & REAL ESTATE CO. PLC,Real Estate,Main,False,,29/APR/1988,LK0177N00002,,13379850.0,1.0,CHOU,Voting,CHOU.CM
COOP.N0000,Co-operative Insurance Company PLC,Unknown,Main,False,,30/DEC/2021,LK0481N00008,7434799200.0,1652177600.0,1.0,COOP,Voting,COOP.CM
PHAR.N0000,COLOMBO CITY HOLDINGS PLC,Financials,Main,False,,01/JAN/1949,LK0051N00009,4206792385.0,25457140.0,1.0,PHAR,Voting,PHAR.CM
DOCK.N0000,COLOMBO DOCKYARD PLC,Unknown,Main,False,,01/JAN/1983,LK0047N00007,61457344751.0,395224082.0,1.0,DOCK,Voting,DOCK.CM
CFI.N0000,COLOMBO FORT INVESTMENTS PLC,Financials,Main,False,,15/JUN/1986,LK0048N00005,4057204817.25,8853693.0,1.0,CFI,Voting,CFI.CM
CIT.N0000,COLOMBO INVESTMENT TRUST PLC,Financials,Main,False,,01/JUN/1987,LK0172N00003,3504689395.0,7148780.0,1.0,CIT,Voting,CIT.CM
CLND.N0000,COLOMBO LAND AND DEVELOPMENT COMPANY PLC,Real Estate,Main,False,,19/MAR/1986,LK0050N00001,12572515403.2,199881008.0,1.0,CLND,Voting,CLND.CM
COMB.X0000,COMMERCIAL BANK OF CEYLON PLC,Financials,Main,False,,01/JAN/1970,LK0053X00004,19725960003.75,96341685.0,1.0,COMB,Non-Voting,COMB.CM
COMB.N0000,COMMERCIAL BANK OF CEYLON PLC,Financials,Main,False,,01/JAN/1970,LK0053N00005,341315702398.5,1540928679.0,1.0,COMB,Voting,COMB.CM
COCR.N0000,COMMERCIAL CREDIT AND FINANCE PLC,Financials,Main,False,,01/JUN/2011,LK0380N00002,39202665486.25,318074365.0,1.0,COCR,Voting,COCR.CM
COMD.N0000,COMMERCIAL DEVELOPMENT COMPANY PLC,Real Estate,Main,False,,01/JAN/1983,LK0054N00003,3780000000.0,12000000.0,1.0,COMD,Voting,COMD.CM
SOY.N0000,CONVENIENCE FOODS LANKA PLC,Consumer Staples,Main,False,,13/MAY/1992,LK0196N00002,6876375000.0,2750000.0,1.0,SOY,Voting,SOY.CM
DPL.N0000,DANKOTUWA PORCELAIN PLC,Unknown,Main,False,,21/FEB/1995,LK0235N00008,2763399640.0,162552920.0,1.0,DPL,Voting,DPL.CM
DFCC.N0000,DFCC BANK PLC,Financials,Main,False,,01/JAN/1956,LK0055N00000,68062259812.5,438404250.0,1.0,DFCC,Voting,DFCC.CM
DIAL.N0000,DIALOG AXIATA PLC,Communication Services,Main,False,,28/JUL/2005,LK0348N00009,317411557293.0,9200334994.0,1.0,DIAL,Voting,DIAL.CM
CALF.N0000,DIALOG FINANCE PLC,Communication Services,Main,False,,04/OCT/2011,LK0397N00006,16817530804.5,117399866.0,1.0,CALF,Voting,CALF.CM
DIMO.N0000,DIESEL & MOTOR ENGINEERING PLC,Industrials,Main,False,,01/JAN/1964,LK0056N00008,16099725536.0,9231494.0,1.0,DIMO,Voting,DIMO.CM
PKME.N0000,DIGITAL MOBILITY SOLUTIONS LANKA PLC,Unknown,Main,False,,03/OCT/2024,LK0495N00008,52331816661.0,333323673.0,1.0,PKME,Voting,PKME.CM
CTEA.N0000,DILMAH CEYLON TEA COMPANY PLC,Consumer Staples,Main,False,,01/JAN/1982,LK0039N00004,35170800000.0,20737500.0,1.0,CTEA,Voting,CTEA.CM
DIPD.N0000,DIPPED PRODUCTS PLC,Unknown,Main,False,,01/JAN/1982,LK0057N00006,34540092424.0,598615120.0,1.0,DIPD,Voting,DIPD.CM
DIST.N0000,DISTILLERIES COMPANY OF SRI LANKA PLC,Consumer Staples,Main,False,,10/AUG/1992,LK0191N00003,274620000000.0,4600000000.0,1.0,DIST,Voting,DIST.CM
STAF.N0000,DOLPHIN HOTELS PLC,Consumer Discretionary,Main,False,,01/JAN/1982,LK0158N00002,3250687835.6,63242954.0,1.0,STAF,Voting,STAF.CM
EBCR.N0000,E B CREASY & COMPANY PLC,Unknown,Main,False,,01/JAN/1968,LK0059N00002,17431273750.0,278900380.0,1.0,EBCR,Voting,EBCR.CM
EML.N0000,E M L CONSULTANTS PLC,Unknown,Main,False,,27/SEP/2021,LK0470N00001,1081710000.0,90900000.0,1.0,EML,Voting,EML.CM
ECL.N0000,E - CHANNELLING PLC,Unknown,Main,False,,21/MAY/2002,LK0323N00002,1978528923.0,122131415.0,1.0,ECL,Voting,ECL.CM
EAST.N0000,EAST WEST PROPERTIES PLC,Real Estate,Main,False,,01/JAN/1983,LK0060N00000,9649152000.0,138240000.0,1.0,EAST,Voting,EAST.CM
EMER.N0000,EASTERN MERCHANTS PLC,Unknown,Main,False,,01/JAN/1982,LK0061N00008,1749945400.0,117446000.0,1.0,EMER,Voting,EMER.CM
EDEN.N0000,EDEN HOTEL LANKA PLC,Consumer Discretionary,Main,False,,13/DEC/1993,LK0214N00003,19800000000.0,1584000000.0,1.0,EDEN,Voting,EDEN.CM
ELPL.N0000,ELPITIYA PLANTATIONS PLC,Consumer Staples,Main,False,,08/DEC/2000,LK0315N00008,13188823468.0,72866428.0,1.0,ELPL,Voting,ELPL.CM
ETWO.N0000,EQUITY TWO PLC,Unknown,Main,False,,21/NOV/1994,LK0228N00003,2108000000.0,31000000.0,1.0,ETWO,Voting,ETWO.CM
PACK.N0000,Ex-pack Corrugated Cartons PLC,Unknown,Main,False,,10/NOV/2021,LK0473N00005,4733333328.6,333333333.0,1.0,PACK,Voting,PACK.CM
EXT.N0000,EXTERMINATORS PLC,Unknown,Main,False,,30/MAR/2022,LK0485N00009,755790163.7,52852459.0,1.0,EXT,Voting,EXT.CM
CFVF.N0000,FIRST CAPITAL HOLDINGS PLC,Financials,Main,False,,22/AUG/1994,LK0222N00006,24219000000.0,405000000.0,1.0,CFVF,Voting,CFVF.CM
FCT.N0000,First Capital Treasuries PLC,Financials,Main,False,,02/MAR/2015,LK0439N00006,20868840000.0,615600000.0,1.0,FCT,Voting,FCT.CM
GHLL.N0000,GALADARI HOTELS (LANKA) PLC,Consumer Discretionary,Main,False,,01/JAN/1970,LK0067N00005,9014932152.0,500829564.0,1.0,GHLL,Voting,GHLL.CM
WAPO.N0000,GALLE FACE CAPITAL PARTNERS PLC,Financials,Main,False,,21/NOV/2001,LK0317N00004,3742126668.5,29582029.0,1.0,WAPO,Voting,WAPO.CM
GEST.N0000,GESTETNER OF CEYLON PLC,Unknown,Main,False,,01/JAN/1965,LK0069N00001,1012626372.0,2657812.0,1.0,GEST,Voting,GEST.CM
MEL.N0000,GREENTECH ENERGY PLC,Energy,Main,False,,25/APR/2012,LK0410N00007,680000000.0,100000000.0,1.0,MEL,Voting,MEL.CM
HAPU.N0000,HAPUGASTENNE PLANTATIONS PLC,Consumer Staples,Main,False,,25/MAR/1998,LK0285N00003,2584421026.2,46315789.0,1.0,HAPU,Voting,HAPU.CM
HARI.N0000,HARISCHANDRA MILLS PLC,Unknown,Main,False,,01/JAN/1983,LK0077N00004,10192596100.0,1919600.0,1.0,HARI,Voting,HARI.CM
HNB.X0000,HATTON NATIONAL BANK PLC,Financials,Main,False,,01/JAN/1971,LK0078X00001,44603297970.0,115852722.0,1.0,HNB,Non-Voting,HNB.CM
HNB.N0000,HATTON NATIONAL BANK PLC,Financials,Main,False,,01/JAN/1971,LK0078N00002,203817907878.0,455968474.0,1.0,HNB,Voting,HNB.CM
HPL.N0000,HATTON PLANTATIONS PLC,Consumer Staples,Main,False,,02/FEB/2018,LK0457N00008,5916666775.0,236666671.0,1.0,HPL,Voting,HPL.CM
HAYC.N0000,HAYCARB PLC,Unknown,Main,False,,01/JAN/1975,LK0079N00000,37363311562.5,297123750.0,1.0,HAYC,Voting,HAYC.CM
MGT.N0000,HAYLEYS FABRIC PLC,Unknown,Main,False,,23/APR/2003,LK0335N00006,15788307488.0,415481776.0,1.0,MGT,Voting,MGT.CM
HEXP.N0000,HAYLEYS FIBRE PLC,Unknown,Main,False,,17/MAR/1992,LK0192N00001,3438000000.0,24000000.0,1.0,HEXP,Voting,HEXP.CM
CONN.N0000,HAYLEYS LEISURE PLC,Consumer Discretionary,Main,False,,11/MAR/1996,LK0281N00002,4038824429.2,107989958.0,1.0,CONN,Voting,CONN.CM
HAYL.N0000,HAYLEYS PLC,Unknown,Main,False,,01/JAN/1953,LK0080N00008,183562500000.0,750000000.0,1.0,HAYL,Voting,HAYL.CM
HELA.N0000,HELA APPAREL HOLDINGS PLC,Financials,Main,False,,07/FEB/2022,LK0484N00002,5073915039.7,1636746787.0,1.0,HELA,Voting,HELA.CM
HHL.N0000,HEMAS HOLDINGS PLC,Financials,Main,False,,15/OCT/2003,LK0337N00002,101199471360.0,2994067200.0,1.0,HHL,Voting,HHL.CM
CITH.N0000,HIKKADUWA BEACH RESORT PLC,Consumer Discretionary,Main,False,,17/DEC/2012,LK0420N00006,2333453183.3,542663531.0,1.0,CITH,Voting,CITH.CM
HASU.N0000,HNB ASSURANCE PLC,Unknown,Main,False,,28/NOV/2003,LK0340N00006,19350000000.0,150000000.0,1.0,HASU,Voting,HASU.CM
HNBF.X0000,HNB FINANCE PLC,Financials,Main,False,,08/JAN/2020,LK0460X00001,3170860000.0,360325000.0,1.0,HNBF,Non-Voting,HNBF.CM
HNBF.N0000,HNB FINANCE PLC,Financials,Main,False,,08/JAN/2020,LK0460N00002,15457514283.0,1717501587.0,1.0,HNBF,Voting,HNBF.CM
HOPL.N0000,HORANA PLANTATIONS PLC,Consumer Staples,Main,False,,12/FEB/1996,LK0252N00003,1280000000.0,25000000.0,1.0,HOPL,Voting,HOPL.CM
HSIG.N0000,HOTEL SIGIRIYA PLC,Consumer Discretionary,Main,False,,01/JAN/1981,LK0085N00007,1527441300.0,17577000.0,1.0,HSIG,Voting,HSIG.CM
HDFC.N0000,HOUSING DEVELOPMENT FINANCE CORPORATION BANK OF SL,Real Estate,Main,False,,12/NOV/2003,LK0339N00008,3500839132.0,64710520.0,1.0,HDFC,Voting,HDFC.CM
HBS.N0000,hSenid Business Solutions PLC,Unknown,Main,False,,21/DEC/2021,LK0476N00008,6817588740.1,285254759.0,1.0,HBS,Voting,HBS.CM
HUNA.N0000,HUNAS HOLDINGS PLC,Financials,Main,False,,18/OCT/1993,LK0210N00001,16216473000.0,849030000.0,1.0,HUNA,Voting,HUNA.CM
HUNT.N0000,HUNTER & COMPANY PLC,Unknown,Main,False,,01/JAN/1947,LK0087N00003,7393365000.0,5145000.0,1.0,HUNT,Voting,HUNT.CM
HVA.N0000,HVA FOODS PLC,Consumer Staples,Main,False,,15/FEB/2011,LK0374N00005,1198178321.2,244526188.0,1.0,HVA,Voting,HVA.CM
ASPH.N0000,INDUSTRIAL ASPHALTS (CEYLON) PLC,Unknown,Main,False,,01/JAN/1978,LK0089N00009,1874705625.0,3749411250.0,1.0,ASPH,Voting,ASPH.CM
INME.N0000,INSUREME INSURANCE BROKERS PLC,Unknown,Main,False,,28/NOV/2025,LK0507N00000,3523280882.5,2055290.0,1.0,INME,Voting,INME.CM
BFN.N0000,JANASHAKTHI FINANCE PLC,Financials,Main,False,,30/JUN/2011,LK0391N00009,8444046200.0,211101155.0,1.0,BFN,Voting,BFN.CM
JINS.N0000,JANASHAKTHI INSURANCE PLC,Unknown,Main,False,,21/JUL/2008,LK0356N00002,32789660646.75,226526153.0,1.0,JINS,Voting,JINS.CM
JAT.N0000,JAT HOLDINGS PLC,Financials,Main,False,,12/AUG/2021,LK0469N00003,24293296134.0,522436476.0,1.0,JAT,Voting,JAT.CM
JETS.N0000,JETWING SYMPHONY PLC,Unknown,Main,False,,05/JAN/2018,LK0455N00002,10417862070.7,602188559.0,1.0,JETS,Voting,JETS.CM
JFP.N0000,JF PACKAGING PLC,Industrials,Main,False,,19/NOV/2025,LK0506N00002,2840160576.0,172130944.0,1.0,JFP,Voting,JFP.CM
JKH.N0000,JOHN KEELLS HOLDINGS PLC,Financials,Main,False,,23/OCT/1986,LK0092N00003,391026140735.1,17693490531.0,1.0,JKH,Voting,JKH.CM
KHL.N0000,JOHN KEELLS HOTELS PLC,Consumer Discretionary,Main,False,,17/SEP/2004,LK0343N00000,30724697058.0,1456146780.0,1.0,KHL,Voting,KHL.CM
JKL.N0000,JOHN KEELLS PLC,Unknown,Main,False,,01/JAN/1974,LK0093N00001,5107200000.0,60800000.0,1.0,JKL,Voting,JKL.CM
KAHA.N0000,KAHAWATTE  PLANTATIONS  PLC,Consumer Staples,Main,False,,02/DEC/1998,LK0297N00008,1938430474.5,99406691.0,1.0,KAHA,Voting,KAHA.CM
KPHL.N0000,KAPRUKA HOLDINGS PLC,Financials,Main,False,,07/JAN/2022,LK0482N00006,5564019204.0,164130360.0,1.0,KPHL,Voting,KPHL.CM
KFP.N0000,KEELLS FOOD PRODUCTS PLC,Consumer Staples,Main,False,,01/JAN/1983,LK0101N00002,4430625000.0,25500000.0,1.0,KFP,Voting,KFP.CM
KGAL.N0000,KEGALLE  PLANTATIONS  PLC,Consumer Staples,Main,False,,08/JAN/1996,LK0247N00003,3512500000.0,25000000.0,1.0,KGAL,Voting,KGAL.CM
KCAB.N0000,KELANI CABLES PLC,Materials,Main,False,,01/JAN/1974,LK0102N00000,29048500000.0,218000000.0,1.0,KCAB,Voting,KCAB.CM
TYRE.N0000,KELANI TYRES PLC,Unknown,Main,False,,28/JAN/1994,LK0216N00008,7171680000.0,80400000.0,1.0,TYRE,Voting,TYRE.CM
KVAL.N0000,KELANI VALLEY PLANTATIONS PLC,Consumer Staples,Main,False,,18/JAN/1996,LK0249N00009,6058800000.0,68000000.0,1.0,KVAL,Voting,KVAL.CM
KDL.N0000,KELSEY DEVELOPMENTS PLC,Real Estate,Main,False,,01/JAN/1984,LK0100N00004,,17429274.0,1.0,KDL,Voting,KDL.CM
CPRT.N0000,KERNER HAUS GLOBAL SOLUTIONS PLC,Unknown,Main,False,,01/JAN/1974,LK0036N00000,1694880080.0,600170.0,1.0,CPRT,Voting,CPRT.CM
KOTA.N0000,KOTAGALA PLANTATIONS PLC,Consumer Staples,Main,False,,12/DEC/1995,LK0244N00000,3850579687.5,423140625.0,1.0,KOTA,Voting,KOTA.CM
LAMB.N0000,KOTMALE HOLDINGS PLC,Financials,Main,False,,01/JAN/1969,LK0107N00009,43222100000.0,31400000.0,1.0,LAMB,Voting,LAMB.CM
LFIN.N0000,LB FINANCE PLC,Financials,Main,False,,30/DEC/1997,LK0301N00008,88926170328.0,554057136.0,1.0,LFIN,Voting,LFIN.CM
LPRT.N0000,LAKE HOUSE PRINTERS & PUBLISHERS PLC,Unknown,Main,False,,01/JAN/1975,LK0106N00001,2087646883.75,2937245.0,1.0,LPRT,Voting,LPRT.CM
LALU.N0000,LANKA ALUMINIUM INDUSTRIES PLC,Unknown,Main,False,,20/APR/1987,LK0108N00007,3357191635.0,68514115.0,1.0,LALU,Voting,LALU.CM
ASHO.N0000,LANKA ASHOK LEYLAND PLC,Real Estate,Main,False,,01/JAN/1983,LK0109N00005,12867570811.25,3620843.0,1.0,ASHO,Voting,ASHO.CM
CERA.N0000,LANKA CERAMIC PLC,Unknown,Main,False,,07/APR/1993,LK0206N00009,1108500000.0,6000000.0,1.0,CERA,Voting,CERA.CM
LCBF.N0000,LANKA CREDIT AND BUSINESS FINANCE PLC,Financials,Main,False,,16/NOV/2021,LK0474N00003,6637417752.0,790168780.0,1.0,LCBF,Voting,LCBF.CM
LIOC.N0000,LANKA IOC PLC,Energy,Main,False,,22/DEC/2004,LK0345N00005,75610130110.0,532465705.0,1.0,LIOC,Voting,LIOC.CM
LMF.N0000,LANKA MILK FOODS (CWE) PLC,Consumer Staples,Main,False,,01/JAN/1983,LK0112N00009,38358082000.0,399980000.0,1.0,LMF,Voting,LMF.CM
ASCO.N0000,LANKA REALTY INVESTMENTS PLC,Financials,Main,False,,01/JAN/1969,LK0008N00009,11160358598.4,211370428.0,1.0,ASCO,Voting,ASCO.CM
TILE.N0000,LANKA TILES PLC,Materials,Main,False,,01/JUN/1986,LK0114N00005,13103451270.0,265252050.0,1.0,TILE,Voting,TILE.CM
LVEN.N0000,LANKA VENTURES PLC,Unknown,Main,False,,08/JUN/1995,LK0240N00008,3546155865.6,58324932.0,1.0,LVEN,Voting,LVEN.CM
LWL.N0000,LANKA WALLTILE PLC,Materials,Main,False,,13/JUN/1994,LK0219N00002,13923000000.0,273000000.0,1.0,LWL,Voting,LWL.CM
LCEY.N0000,LANKEM CEYLON PLC,Unknown,Main,False,,01/JAN/1970,LK0115N00002,6176490840.0,137255352.0,1.0,LCEY,Voting,LCEY.CM
LDEV.N0000,LANKEM DEVELOPMENTS PLC,Real Estate,Main,False,,01/JAN/1975,LK0116N00000,3328000000.0,160000000.0,1.0,LDEV,Voting,LDEV.CM
LGL.N0000,LAUGFS GAS PLC,Unknown,Main,False,,08/DEC/2010,LK0371N00001,22177005693.2,335000086.0,1.0,LGL,Voting,LGL.CM
LGL.X0000,LAUGFS GAS PLC,Unknown,Main,False,,08/DEC/2010,LK0371X00000,2631200000.0,52000000.0,1.0,LGL,Non-Voting,LGL.CM
LPL.X0000,LAUGFS POWER PLC,Energy,Main,False,,30/OCT/2019,LK0459X00003,499200000.0,52000000.0,1.0,LPL,Non-Voting,LPL.CM
LPL.N0000,LAUGFS POWER PLC,Energy,Main,False,,30/OCT/2019,LK0459N00004,4422001135.2,335000086.0,1.0,LPL,Voting,LPL.CM
LITE.N0000,LAXAPANA PLC,Unknown,Main,False,,01/JAN/1982,LK0063N00004,3509921767.0,66224939.0,1.0,LITE,Voting,LITE.CM
SHAW.N0000,LEE HEDGES PLC,Unknown,Main,False,,01/JAN/1954,LK0152N00005,7117558940.0,25602730.0,1.0,SHAW,Voting,SHAW.CM
LION.N0000,LION BREWERY (CEYLON) PLC,Unknown,Main,False,,22/JAN/1997,LK0291N00001,144700000000.0,80000000.0,1.0,LION,Voting,LION.CM
LOFC.N0000,LOLC FINANCE PLC,Financials,Main,False,,07/JUL/2011,LK0392N00007,168492838817.7,29560147161.0,1.0,LOFC,Voting,LOFC.CM
LGIL.N0000,LOLC GENERAL INSURANCE PLC,Unknown,Main,False,,31/DEC/2021,LK0480N00000,10320000000.0,1200000000.0,1.0,LGIL,Voting,LGIL.CM
LOLC.N0000,L O L C HOLDINGS PLC,Financials,Main,False,,01/JAN/1982,LK0113N00007,275616000000.0,475200000.0,1.0,LOLC,Voting,LOLC.CM
HPFL.N0000,LOTUS HYDRO POWER PLC,Energy,Main,False,,25/NOV/2010,LK0370N00003,1549051190.4,109088112.0,1.0,HPFL,Voting,HPFL.CM
LUMX.N0000,LUMINEX PLC,Unknown,Main,False,,23/JUN/2022,LK0487N00005,2766750000.0,271250000.0,1.0,LUMX,Voting,LUMX.CM
LVEF.N0000,L V L ENERGY FUND PLC,Energy,Main,False,,09/JAN/2018,LK0456N00000,5869363432.8,698733742.0,1.0,LVEF,Voting,LVEF.CM
MADU.N0000,MADULSIMA  PLANTATIONS  PLC,Consumer Staples,Main,False,,06/JUL/1998,LK0251N00005,1983162834.9,169501097.0,1.0,MADU,Voting,MADU.CM
MFPE.N0000,MAHARAJA FOODS PLC,Consumer Staples,Main,False,,26/JUL/2024,LK0493N00003,1762500000.0,125000000.0,1.0,MFPE,Voting,MFPE.CM
MCPL.N0000,MAHAWELI COCONUT PLANTATIONS PLC,Consumer Staples,Main,False,,03/JUN/2019,LK0458N00006,1837296037.5,34996115.0,1.0,MCPL,Voting,MCPL.CM
MRH.N0000,MAHAWELI REACH HOTELS PLC,Consumer Discretionary,Main,False,,01/JAN/1982,LK0118N00006,847196046.0,47066447.0,1.0,MRH,Voting,MRH.CM
MAL.N0000,MALWATTE VALLEY PLANTATION PLC,Consumer Staples,Main,False,,26/JUL/2000,LK0313N00003,11660559032.5,202792331.0,1.0,MAL,Voting,MAL.CM
MAL.X0000,MALWATTE VALLEY PLANTATION PLC,Consumer Staples,Main,False,,26/JUL/2000,LK0313X00002,818126664.0,20250660.0,1.0,MAL,Non-Voting,MAL.CM
MARA.N0000,MARAWILA  RESORTS  PLC,Consumer Discretionary,Main,False,,18/JUN/1997,LK0292N00009,2428271384.1,351923389.0,1.0,MARA,Voting,MARA.CM
MASK.N0000,MASKELIYA PLANTATIONS PLC,Consumer Staples,Main,False,,05/NOV/1997,LK0250N00007,4051907023.9,53953489.0,1.0,MASK,Voting,MASK.CM
MELS.N0000,MELSTACORP PLC,Unknown,Main,False,,30/DEC/2016,LK0450N00003,214433061248.0,1165397072.0,1.0,MELS,Voting,MELS.CM
MERC.N0000,MERCANTILE INVESTMENTS AND FINANCE PLC,Materials,Main,False,,02/JUN/2011,LK0379N00004,19719360000.0,601200000.0,1.0,MERC,Voting,MERC.CM
MSL.N0000,MERCANTILE SHIPPING COMPANY PLC,Materials,Main,False,,01/JAN/1983,LK0121N00000,711247500.0,2844990.0,1.0,MSL,Voting,MSL.CM
MBSL.N0000,MERCHANT BANK OF SRI LANKA & FINANCE PLC,Financials,Main,False,,04/JAN/1991,LK0186N00003,7186193026.9,524539637.0,1.0,MBSL,Voting,MBSL.CM
MHDL.N0000,MILLENNIUM HOUSING DEVELOPERS PLC,Unknown,Main,False,,19/FEB/2014,LK0425N00005,1481494520.0,134681320.0,1.0,MHDL,Voting,MHDL.CM
MULL.N0000,MULLER & PHIPPS (CEYLON) PLC,Unknown,Main,False,,01/JAN/1965,LK0126N00009,650900000.0,283000000.0,1.0,MULL,Voting,MULL.CM
MDL.N0000,MYLAND DEVELOPMENTS PLC,Real Estate,Main,False,,28/DEC/2021,LK0478N00004,942500000.0,36250000.0,1.0,MDL,Voting,MDL.CM
NAMU.N0000,NAMUNUKULA PLANTATIONS PLC,Consumer Staples,Main,False,,10/MAR/1999,LK0295N00002,,23750000.0,1.0,NAMU,Voting,NAMU.CM
CSF.N0000,NATION LANKA FINANCE PLC,Financials,Main,False,,13/JUN/1994,LK0218N00004,,6996774035.0,1.0,CSF,Voting,CSF.CM
NDB.N0000,NATIONAL DEVELOPMENT BANK PLC,Real Estate,Main,False,,26/APR/1993,LK0207N00007,63072917271.75,426889457.0,1.0,NDB,Voting,NDB.CM
NTB.X0000,NATIONS TRUST BANK PLC,Financials,Main,False,,03/MAY/1999,LK0309X00000,19521939062.5,44621575.0,1.0,NTB,Non-Voting,NTB.CM
NTB.N0000,NATIONS TRUST BANK PLC,Financials,Main,False,,03/MAY/1999,LK0309N00001,94456753286.75,286015907.0,1.0,NTB,Voting,NTB.CM
NHL.N0000,NAWALOKA HOSPITALS PLC,Health Care,Main,False,,09/SEP/2004,LK0342N00002,17477869390.4,1409505596.0,1.0,NHL,Voting,NHL.CM
ODEL.N0000,ODEL PLC,Unknown,Main,False,,04/AUG/2010,LK0366N00001,7860201036.4,538369934.0,1.0,ODEL,Voting,ODEL.CM
OFEQ.N0000,OFFICE EQUIPMENT PLC,Unknown,Main,False,,01/JAN/1974,LK0132N00007,514514910.0,833560.0,1.0,OFEQ,Voting,OFEQ.CM
ONAL.N0000,ON'ALLY HOLDINGS PLC,Financials,Main,False,,20/OCT/1988,LK0180N00006,3989832432.3,93003087.0,1.0,ONAL,Voting,ONAL.CM
OSEA.N0000,OVERSEAS REALTY (CEYLON) PLC,Real Estate,Main,False,,01/JAN/1982,LK0133N00005,61529964309.0,1243029582.0,1.0,OSEA,Voting,OSEA.CM
PALM.N0000,PALM GARDEN HOTELS PLC,Consumer Discretionary,Main,False,,08/MAR/1993,LK0208N00005,31649810500.0,475937000.0,1.0,PALM,Voting,PALM.CM
PABC.N0000,PAN ASIA BANKING CORPORATION PLC,Financials,Main,False,,05/APR/2005,LK0346N00003,25491549830.4,442561629.0,1.0,PABC,Voting,PABC.CM
PAP.N0000,PANASIAN POWER PLC,Energy,Main,False,,07/JAN/2011,LK0372N00009,14187500000.0,625000000.0,1.0,PAP,Voting,PAP.CM
PARA.N0000,PARAGON CEYLON PLC,Unknown,Main,False,,01/JAN/1974,LK0134N00003,502140560.0,1000280.0,1.0,PARA,Voting,PARA.CM
PEG.N0000,PEGASUS HOTELS OF CEYLON PLC,Consumer Discretionary,Main,False,,01/JAN/1970,LK0136N00008,1806608116.0,42210470.0,1.0,PEG,Voting,PEG.CM
PINS.N0000,PEOPLE'S INSURANCE PLC,Unknown,Main,False,,12/JAN/2016,LK0445N00003,6271880322.4,203632478.0,1.0,PINS,Voting,PINS.CM
PLC.N0000,PEOPLE'S LEASING & FINANCE PLC,Financials,Main,False,,24/NOV/2011,LK0399N00002,58561482019.0,2209867246.0,1.0,PLC,Voting,PLC.CM
GLAS.N0000,PGP GLASS CEYLON PLC,Materials,Main,False,,05/SEP/1994,LK0223N00004,51969708576.0,950086080.0,1.0,GLAS,Voting,GLAS.CM
PMB.N0000,PMF FINANCE PLC,Financials,Main,False,,11/JUL/1994,LK0221N00008,5512103800.0,405301750.0,1.0,PMB,Voting,PMB.CM
PLR.N0000,PRIME LANDS RESIDENCIES PLC,Real Estate,Main,False,,08/JUN/2021,LK0465N00001,55593750000.0,937500000.0,1.0,PLR,Voting,PLR.CM
CARE.N0000,PRINTCARE PLC,Unknown,Main,False,,02/MAY/1995,LK0241N00006,4470266840.0,85966670.0,1.0,CARE,Voting,CARE.CM
RIL.N0000,R I L PROPERTY PLC,Real Estate,Main,False,,04/MAY/2017,LK0452N00009,26080000000.0,800000000.0,1.0,RIL,Voting,RIL.CM
RGEM.N0000,RADIANT GEMS INTERNATIONAL PLC,Unknown,Main,False,,01/JAN/1983,LK0140N00000,408600000.0,2400000.0,1.0,RGEM,Voting,RGEM.CM
RWSL.N0000,RAIGAM WAYAMBA SALTERNS PLC,Unknown,Main,False,,29/APR/2010,LK0363N00008,6406106164.0,282207320.0,1.0,RWSL,Voting,RWSL.CM
RFL.N0000,RAMBODA FALLS PLC,Unknown,Main,False,,18/JUN/2012,LK0415N00006,724000000.0,20000000.0,1.0,RFL,Voting,RFL.CM
RAL.N0000,RENUKA AGRI FOODS PLC,Consumer Staples,Main,False,,04/JAN/2010,LK0361N00002,11982439575.0,798829305.0,1.0,RAL,Voting,RAL.CM
RENU.N0000,RENUKA CITY HOTELS PLC.,Consumer Discretionary,Main,False,,19/OCT/1992,LK0201N00000,6510000000.0,7000000.0,1.0,RENU,Voting,RENU.CM
COCO.N0000,RENUKA FOODS PLC,Consumer Staples,Main,False,,06/JUN/1994,LK0220N00000,12204360492.6,180005317.0,1.0,COCO,Voting,COCO.CM
COCO.X0000,RENUKA FOODS PLC,Consumer Staples,Main,False,,06/JUN/1994,LK0220X00009,423063720.0,7306800.0,1.0,COCO,Non-Voting,COCO.CM
RHL.X0000,RENUKA HOLDINGS PLC,Financials,Main,False,,10/MAR/2008,LK0355X00003,1033413401.3,24201719.0,1.0,RHL,Non-Voting,RHL.CM
RHL.N0000,RENUKA HOLDINGS PLC,Financials,Main,False,,10/MAR/2008,LK0355N00004,9929296260.0,165488271.0,1.0,RHL,Voting,RHL.CM
RCH.N0000,RENUKA HOTELS PLC,Consumer Discretionary,Main,False,,21/NOV/2017,LK0454N00005,9872894850.0,40297530.0,1.0,RCH,Voting,RCH.CM
HPWR.N0000,RESUS ENERGY PLC,Energy,Main,False,,08/OCT/2009,LK0360N00004,4352333763.5,430924135.0,1.0,HPWR,Voting,HPWR.CM
RICH.N0000,RICHARD PIERIS AND COMPANY PLC,Unknown,Main,False,,01/JAN/1951,LK0143N00004,74889408520.0,2035038275.0,1.0,RICH,Voting,RICH.CM
REXP.N0000,RICHARD PIERIS EXPORTS PLC,Unknown,Main,False,,11/OCT/1993,LK0209N00003,4471079872.5,11163745.0,1.0,REXP,Voting,REXP.CM
RCL.N0000,ROYAL CERAMICS LANKA PLC,Unknown,Main,False,,03/MAY/1994,LK0217N00006,55616270768.0,1107893840.0,1.0,RCL,Voting,RCL.CM
RPBH.N0000,ROYAL PALMS BEACH HOTELS PLC,Consumer Discretionary,Main,False,,15/JUN/1998,LK0307N00005,2995000000.0,50000000.0,1.0,RPBH,Voting,RPBH.CM
SAMP.N0000,SAMPATH BANK PLC,Financials,Main,False,,10/JUN/1987,LK0090N00007,188511647170.0,1172700760.0,1.0,SAMP,Voting,SAMP.CM
SIL.N0000,SAMSON INTERNATIONAL PLC,Unknown,Main,False,,22/MAR/1993,LK0205N00001,3100504757.5,4232771.0,1.0,SIL,Voting,SIL.CM
SDB.N0000,SANASA DEVELOPMENT BANK PLC,Real Estate,Main,False,,31/MAY/2012,LK0412N00003,10670822110.0,164166494.0,1.0,SDB,Voting,SDB.CM
SDF.N0000,SARVODAYA DEVELOPMENT FINANCE PLC,Real Estate,Main,False,,14/DEC/2021,LK0475N00000,6028720895.6,149596052.0,1.0,SDF,Voting,SDF.CM
SMOT.N0000,SATHOSA MOTORS PLC,Industrials,Main,False,,08/NOV/1993,LK0211N00009,8513440642.0,6033622.0,1.0,SMOT,Voting,SMOT.CM
SFCL.N0000,SENKADAGALA FINANCE COMPANY PLC,Financials,Main,False,,22/MAR/2011,LK0350N00005,75753694252.0,86279834.0,1.0,SFCL,Voting,SFCL.CM
SHOT.X0000,SERENDIB HOTELS PLC,Consumer Discretionary,Main,False,,01/JAN/1973,LK0149X00000,2218281049.6,144044224.0,1.0,SHOT,Non-Voting,SHOT.CM
SHOT.N0000,SERENDIB HOTELS PLC,Consumer Discretionary,Main,False,,01/JAN/1973,LK0149N00001,6131796725.6,302058952.0,1.0,SHOT,Voting,SHOT.CM
SLND.N0000,SERENDIB LAND PLC,Real Estate,Main,False,,01/JAN/1983,LK0150N00009,771384477.5,398906.0,1.0,SLND,Voting,SLND.CM
SEYB.X0000,SEYLAN BANK PLC,Financials,Main,False,,05/JAN/1989,LK0182X00001,25705928964.4,330410398.0,1.0,SEYB,Non-Voting,SEYB.CM
SEYB.N0000,SEYLAN BANK PLC,Financials,Main,False,,05/JAN/1989,LK0182N00002,33881300007.0,305236937.0,1.0,SEYB,Voting,SEYB.CM
CSD.N0000,SEYLAN DEVELOPMENTS PLC,Real Estate,Main,False,,08/FEB/1995,LK0234N00001,4232555429.4,139688298.0,1.0,CSD,Voting,CSD.CM
SIRA.N0000,SIERRA CABLES PLC,Materials,Main,False,,22/NOV/2005,LK0351N00003,18759183807.0,537512430.0,1.0,SIRA,Voting,SIRA.CM
SIGV.N0000,SIGIRIYA VILLAGE HOTELS PLC,Consumer Discretionary,Main,False,,01/JAN/1980,LK0154N00001,1350000000.0,90000000.0,1.0,SIGV,Voting,SIGV.CM
SINS.N0000,SINGER (SRI LANKA) PLC,Unknown,Main,False,,01/JAN/1981,LK0156N00006,97612857443.2,1167617912.0,1.0,SINS,Voting,SINS.CM
SFIN.N0000,SINGER FINANCE LANKA PLC,Financials,Main,False,,17/JAN/2011,LK0373N00007,15281851915.0,277851853.0,1.0,SFIN,Voting,SFIN.CM
SINH.N0000,SINGHE HOSPITALS PLC,Health Care,Main,False,,21/APR/2015,LK0440N00004,9488619690.0,431300895.0,1.0,SINH,Voting,SINH.CM
SEMB.N0000,SMB FINANCE PLC,Financials,Main,False,,20/DEC/1993,LK0215N00000,5823337543.2,6470375048.0,1.0,SEMB,Voting,SEMB.CM
SEMB.X0000,SMB FINANCE PLC,Financials,Main,False,,20/DEC/1993,LK0215X00009,924481113.6,3081603712.0,1.0,SEMB,Non-Voting,SEMB.CM
SCAP.N0000,SOFTLOGIC CAPITAL PLC,Financials,Main,False,,21/SEP/2011,LK0396N00008,11530808960.0,977187200.0,1.0,SCAP,Voting,SCAP.CM
CRL.N0000,SOFTLOGIC FINANCE PLC,Financials,Main,False,,22/JAN/2009,LK0358N00008,6738012337.0,962573191.0,1.0,CRL,Voting,CRL.CM
SHL.N0000,SOFTLOGIC HOLDINGS PLC,Financials,Main,False,,12/JUL/2011,LK0386N00009,12278270215.2,1395257979.0,1.0,SHL,Voting,SHL.CM
AAIC.N0000,SOFTLOGIC LIFE INSURANCE PLC,Unknown,Main,False,,24/NOV/2000,LK0314N00001,30501562500.0,316406250.0,1.0,AAIC,Voting,AAIC.CM
SLTL.N0000,SRI LANKA TELECOM PLC,Communication Services,Main,False,,14/JAN/2003,LK0312N00005,164964204000.0,1804860000.0,1.0,SLTL,Voting,SLTL.CM
SING.N0000,STANDARD CAPITAL PLC,Financials,Main,False,,01/JAN/1983,LK0155N00008,,5540828.0,1.0,SING,Voting,SING.CM
SUN.N0000,SUNSHINE HOLDINGS PLC,Financials,Main,False,,01/JAN/1983,LK0160N00008,66121255737.6,1967894516.0,1.0,SUN,Voting,SUN.CM
SWAD.N0000,SWADESHI INDUSTRIAL WORKS  PLC,Unknown,Main,False,,01/JAN/1970,LK0161N00006,2239995000.0,149333.0,1.0,SWAD,Voting,SWAD.CM
PARQ.N0000,SWISSTEK (CEYLON) PLC,Unknown,Main,False,,01/JAN/1983,LK0135N00000,11687844000.0,136860000.0,1.0,PARQ,Voting,PARQ.CM
TAJ.N0000,TAL LANKA HOTELS PLC,Consumer Discretionary,Main,False,,01/JAN/1982,LK0162N00004,6169990046.2,171866018.0,1.0,TAJ,Voting,TAJ.CM
TPL.N0000,TALAWAKELLE TEA ESTATES PLC,Consumer Staples,Main,False,,11/JAN/2000,LK0311N00007,6745000000.0,47500000.0,1.0,TPL,Voting,TPL.CM
TANG.N0000,TANGERINE BEACH HOTELS PLC,Consumer Discretionary,Main,False,,01/JAN/1983,LK0163N00002,2375000000.0,20000000.0,1.0,TANG,Voting,TANG.CM
TSML.N0000,TEA SMALLHOLDER FACTORIES PLC,Consumer Staples,Main,False,,01/AUG/1996,LK0284N00006,1356000000.0,30000000.0,1.0,TSML,Voting,TSML.CM
TJL.N0000,TEEJAY LANKA PLC,Unknown,Main,False,,09/AUG/2011,LK0394N00003,27126810948.8,721457738.0,1.0,TJL,Voting,TJL.CM
TESS.N0000,TESS AGRO PLC,Unknown,Main,False,,31/DEC/2002,LK0333N00001,1421832402.9,677063049.0,1.0,TESS,Voting,TESS.CM
TESS.X0000,TESS AGRO PLC,Unknown,Main,False,,31/DEC/2002,LK0333X00000,93333333.8,66666667.0,1.0,TESS,Non-Voting,TESS.CM
AUTO.N0000,THE AUTODROME PLC,Unknown,Main,False,,01/JAN/1975,LK0015N00004,4680000000.0,12000000.0,1.0,AUTO,Voting,AUTO.CM
CFLB.N0000,THE COLOMBO FORT LAND AND BUILDING PLC,Real Estate,Main,False,,01/JAN/1970,LK0049N00003,18600000000.0,240000000.0,1.0,CFLB,Voting,CFLB.CM
RHTL.N0000,THE FORTRESS RESORTS PLC,Consumer Discretionary,Main,False,,30/MAR/1999,LK0308N00003,3160270494.0,110886684.0,1.0,RHTL,Voting,RHTL.CM
KHC.N0000,THE KANDY HOTELS COMPANY (1938) PLC,Consumer Discretionary,Main,False,,01/JAN/1970,LK0095N00006,13728428404.6,754309253.0,1.0,KHC,Voting,KHC.CM
SERV.N0000,THE KINGSBURY PLC,Unknown,Main,False,,01/JAN/1982,LK0084N00000,8905600000.0,484000000.0,1.0,SERV,Voting,SERV.CM
LHCL.N0000,THE LANKA HOSPITALS CORPORATION PLC,Health Care,Main,False,,10/JAN/2003,LK0318N00002,23547810787.25,223732169.0,1.0,LHCL,Voting,LHCL.CM
LHL.N0000,THE  LIGHTHOUSE  HOTEL  PLC,Consumer Discretionary,Main,False,,29/AUG/1997,LK0300N00000,3634000000.0,46000000.0,1.0,LHL,Voting,LHL.CM
NEH.N0000,THE NUWARA ELIYA HOTELS COMPANY PLC,Consumer Discretionary,Main,False,,01/JAN/1974,LK0130N00001,11368501020.0,2186040.0,1.0,NEH,Voting,NEH.CM
TAFL.N0000,THREE ACRE FARMS PLC,Unknown,Main,False,,20/MAR/1995,LK0236N00006,15245387500.0,23545000.0,1.0,TAFL,Voting,TAFL.CM
TKYO.N0000,TOKYO CEMENT COMPANY (LANKA) PLC,Materials,Main,False,,01/JAN/1984,LK0165N00007,31387702500.0,294030000.0,1.0,TKYO,Voting,TKYO.CM
TKYO.X0000,TOKYO CEMENT COMPANY (LANKA) PLC,Materials,Main,False,,01/JAN/1984,LK0165X00006,13363663500.0,147015000.0,1.0,TKYO,Non-Voting,TKYO.CM
TRAN.N0000,TRANS ASIA HOTELS PLC,Consumer Discretionary,Main,False,,01/JAN/1983,LK0166N00005,11360000000.0,200000000.0,1.0,TRAN,Voting,TRAN.CM
UBF.N0000,UB FINANCE PLC,Financials,Main,False,,14/AUG/2023,LK0488N00003,9217607564.3,3178485367.0,1.0,UBF,Voting,UBF.CM
UDPL.N0000,UDAPUSSELLAWA  PLANTATIONS PLC,Consumer Staples,Main,False,,04/MAY/1998,LK0287N00009,3016521175.0,19398850.0,1.0,UDPL,Voting,UDPL.CM
UAL.N0000,UNION ASSURANCE PLC,Unknown,Main,False,,29/JUL/1988,LK0179N00008,47555357604.0,589285720.0,1.0,UAL,Voting,UAL.CM
UBC.N0000,UNION BANK OF COLOMBO PLC,Financials,Main,False,,29/MAR/2011,LK0306N00007,15603240067.2,1083558338.0,1.0,UBC,Voting,UBC.CM
UCAR.N0000,UNION CHEMICALS LANKA PLC,Materials,Main,False,,01/AUG/1988,LK0178N00000,2558250000.0,1500000.0,1.0,UCAR,Voting,UCAR.CM
UML.N0000,UNITED MOTORS LANKA PLC,Industrials,Main,False,,05/DEC/1989,LK0183N00000,37434132246.0,1009006260.0,1.0,UML,Voting,UML.CM
VFIN.N0000,VALLIBEL FINANCE PLC,Financials,Main,False,,04/MAY/2010,LK0364N00006,24722607000.0,235453400.0,1.0,VFIN,Voting,VFIN.CM
VONE.N0000,VALLIBEL ONE PLC,Unknown,Main,False,,08/JUL/2011,LK0389N00003,122433431730.0,1138915644.0,1.0,VONE,Voting,VONE.CM
VPEL.N0000,VALLIBEL POWER ERATHNA PLC,Energy,Main,False,,16/MAY/2006,LK0352N00001,11430778884.3,747109731.0,1.0,VPEL,Voting,VPEL.CM
VLL.X0000,VIDULLANKA PLC,Unknown,Main,False,,10/JUN/2005,LK0347X00000,1461621635.0,82113575.0,1.0,VLL,Non-Voting,VLL.CM
VLL.N0000,VIDULLANKA PLC,Unknown,Main,False,,10/JUN/2005,LK0347N00001,21121561717.8,951421699.0,1.0,VLL,Voting,VLL.CM
CITW.N0000,WASKADUWA BEACH RESORT PLC,Consumer Discretionary,Main,False,,03/JAN/2012,LK0405N00007,1873367976.0,936683988.0,1.0,CITW,Voting,CITW.CM
WATA.N0000,WATAWALA  PLANTATIONS  PLC,Consumer Staples,Main,False,,01/DEC/1997,LK0246N00005,46049405374.5,1016543165.0,1.0,WATA,Voting,WATA.CM
WLTH.N0000,WEALTHTRUST SECURITIES PLC,Unknown,Main,False,,07/JAN/2026,LK0510N00004,18130783497.2,1225052939.0,1.0,WLTH,Voting,WLTH.CM
WIND.N0000,WINDFORCE PLC,Unknown,Main,False,,22/APR/2021,LK0461N00000,62414692682.9,1353897889.0,1.0,WIND,Voting,WIND.CM
YORK.N0000,YORK ARCADE HOLDINGS PLC,Financials,Main,False,,01/MAY/1985,LK0171N00005,2445000000.0,150000000.0,1.0,YORK,Voting,YORK.CM
CALC.U0000,CAL FIVE YEAR CLOSED END FUND (“Units”),Unknown,Delisted,True,,20/MAR/2025,,,,,CALC,Voting,CALC.CM
CALI.U0000,CAL FIVE YEAR OPTIMUM FUND (“Units”),Unknown,Delisted,True,,01/FEB/2024,,,,,CALI,Voting,CALI.CM
CALU.U0000,CAL THREE YEAR CLOSED END FUND (“Units”),Unknown,Delisted,True,,19/FEB/2026,,,,,CALU,Voting,CALU.CM
